City_ID,City,Country,Lat,Lng,Max Temp,Humidity,Cloudiness,Wind Speed,Current Description,Rain (inches),Snow (inches)
0,Busselton,AU,-33.65,115.33,73.0,50,100,8.99,overcast clouds,0.0,0.0
1,Albany,US,42.6,-73.97,33.01,76,2,8.01,clear sky,0.0,0.0
2,Tiksi,RU,71.69,128.87,-26.97,86,100,4.61,overcast clouds,0.0,0.0
3,Saskylakh,RU,71.92,114.08,-34.37,81,16,5.28,few clouds,0.0,0.0
4,Puerto Ayora,EC,-0.74,-90.35,73.0,90,20,6.76,few clouds,0.0,0.0
5,Oksfjord,NO,70.24,22.35,30.2,73,81,12.75,light snow,0.0,0.41
6,Hilo,US,19.73,-155.09,80.6,57,90,9.17,light rain,0.13,0.0
7,Cape Town,ZA,-33.93,18.42,68.0,64,0,9.17,clear sky,0.0,0.0
8,Rikitea,PF,-23.12,-134.97,79.11,65,8,8.1,clear sky,0.0,0.0
9,Taoudenni,ML,22.68,-3.98,56.03,35,0,2.28,clear sky,0.0,0.0
10,Vaini,TO,-21.2,-175.2,80.6,88,75,11.41,light rain,0.74,0.0
11,Bluff,NZ,-46.6,168.33,53.01,97,100,5.99,overcast clouds,0.0,0.0
12,Makakilo City,US,21.35,-158.09,82.4,57,75,9.17,broken clouds,0.0,0.0
13,Punta Arenas,CL,-53.15,-70.92,50.0,71,0,18.34,clear sky,0.0,0.0
14,Back Mountain,US,41.34,-76.0,34.0,89,78,4.94,broken clouds,0.0,0.0
15,Tiznit,MA,29.58,-9.5,49.51,79,100,3.31,overcast clouds,0.0,0.0
16,Mar Del Plata,AR,-38.0,-57.56,75.2,47,0,6.93,clear sky,0.0,0.0
17,Upernavik,GL,72.79,-56.15,7.21,92,100,11.54,overcast clouds,0.0,0.0
18,Hambantota,LK,6.12,81.12,75.2,100,75,4.7,moderate rain,3.03,0.0
19,Vardo,NO,70.37,31.11,27.55,93,26,10.04,scattered clouds,0.0,0.0
20,Butaritari,KI,3.07,172.79,81.63,81,0,16.82,clear sky,0.0,0.0
21,Leningradskiy,RU,69.38,178.42,-10.82,89,100,3.85,overcast clouds,0.0,0.0
22,Mataura,NZ,-46.19,168.86,53.01,97,100,5.99,overcast clouds,0.0,0.0
23,Silver City,US,32.77,-108.28,39.2,29,1,3.36,clear sky,0.0,0.0
24,Hithadhoo,MV,-0.6,73.08,82.51,77,98,10.4,overcast clouds,0.0,0.0
25,Santa Margherita Ligure,IT,44.33,9.21,48.99,80,95,14.97,overcast clouds,0.0,0.0
26,Grand-Santi,GF,4.25,-54.38,72.25,97,100,2.19,overcast clouds,0.0,0.0
27,Gamba,GA,-2.65,10.0,76.41,91,100,2.04,light rain,0.34,0.0
28,Maragogi,BR,-9.01,-35.22,77.31,81,9,9.28,clear sky,0.0,0.0
29,Qazvin,IR,36.28,50.0,24.8,79,0,2.24,clear sky,0.0,0.0
30,Kavaratti,IN,10.57,72.64,81.75,65,0,7.92,clear sky,0.0,0.0
31,Bengkulu,ID,-3.8,102.27,82.2,72,28,1.88,light rain,0.707,0.0
32,Ushuaia,AR,-54.8,-68.3,50.0,66,75,36.91,light rain,0.12,0.0
33,Kodiak,US,57.79,-152.41,33.8,80,90,13.87,light snow,0.0,0.0
34,Lorengau,PG,-2.02,147.27,83.07,79,100,5.37,light rain,0.77,0.0
35,Pevek,RU,69.7,170.31,-11.54,83,21,1.1,few clouds,0.0,0.0
36,Port Alfred,ZA,-33.59,26.89,63.0,90,1,1.01,clear sky,0.0,0.0
37,Bathsheba,BB,13.22,-59.52,77.0,69,20,20.8,few clouds,0.0,0.0
38,Guarapari,BR,-20.67,-40.5,78.8,78,40,9.17,moderate rain,2.44,0.0
39,San Patricio,US,28.02,-97.52,54.0,71,1,5.82,clear sky,0.0,0.0
40,Yar-Sale,RU,66.83,70.83,-23.6,85,0,14.12,clear sky,0.0,0.0
41,Hualmay,PE,-11.1,-77.61,68.85,85,100,7.61,overcast clouds,0.0,0.0
42,Pacific Grove,US,36.62,-121.92,54.0,93,90,7.49,mist,0.0,0.0
43,Kudahuvadhoo,MV,2.67,72.89,81.84,75,94,7.67,moderate rain,1.27,0.0
44,Camana,PE,-16.62,-72.71,70.3,84,100,4.99,overcast clouds,0.0,0.0
45,Shakawe,BW,-18.37,21.85,69.48,90,100,3.65,light rain,0.83,0.0
46,Bogatoye,RU,53.06,51.33,19.67,98,100,11.16,light snow,0.0,0.32
47,Mabaruma,GY,8.2,-59.78,73.42,97,64,5.57,light rain,0.75,0.0
48,Georgetown,MY,5.41,100.34,80.6,83,20,3.51,light rain,0.73,0.0
49,Kieta,PG,-6.22,155.63,86.02,62,4,4.52,clear sky,0.0,0.0
50,Hermanus,ZA,-34.42,19.23,64.0,84,43,4.0,scattered clouds,0.0,0.0
51,Airai,TL,-8.93,125.41,74.01,79,70,1.63,light rain,0.65,0.0
52,Kloulklubed,PW,7.04,134.26,77.0,94,90,13.87,light intensity shower rain,2.66,0.0
53,Saint Joseph,US,39.77,-94.85,23.0,92,90,3.36,fog,0.0,0.0
54,Jamestown,US,42.1,-79.24,32.0,92,90,3.36,mist,0.0,0.0
55,Beringovskiy,RU,63.05,179.32,14.85,96,100,25.32,snow,0.0,0.6
56,Kampong Thum,KH,12.71,104.89,76.33,60,0,8.68,clear sky,0.0,0.0
57,Great Falls,US,47.5,-111.3,42.01,41,1,24.16,clear sky,0.0,0.0
58,Chokurdakh,RU,70.63,147.92,-27.85,86,93,6.2,overcast clouds,0.0,0.0
59,Castro,BR,-24.79,-50.01,62.2,96,60,10.76,broken clouds,0.0,0.0
60,Ust-Ilimsk,RU,58.0,102.66,-18.2,86,100,8.66,overcast clouds,0.0,0.0
61,Torbay,CA,47.67,-52.73,28.99,73,90,8.05,overcast clouds,0.0,0.0
62,Tuktoyaktuk,CA,69.45,-133.04,-0.4,84,75,21.92,broken clouds,0.0,0.0
63,Wenling,CN,28.37,121.36,51.01,70,98,9.06,overcast clouds,0.0,0.0
64,Acapulco,MX,16.86,-99.89,78.8,74,20,4.43,few clouds,0.0,0.0
65,Champerico,GT,14.3,-91.92,64.99,94,1,7.47,clear sky,0.0,0.0
66,East London,ZA,-33.02,27.91,67.41,81,1,13.29,clear sky,0.0,0.0
67,Bumba,CD,2.18,22.47,72.84,85,100,1.83,overcast clouds,0.0,0.0
68,Ust-Nera,RU,64.57,143.2,-27.4,75,95,3.87,overcast clouds,0.0,0.0
69,Atar,MR,20.52,-13.05,60.33,35,0,7.47,clear sky,0.0,0.0
70,Tongling,CN,30.95,117.78,38.03,75,0,2.33,clear sky,0.0,0.0
71,Bonavista,CA,48.65,-53.11,21.2,85,100,3.36,overcast clouds,0.0,0.0
72,Kapaa,US,22.08,-159.32,78.8,65,40,12.75,scattered clouds,0.0,0.0
73,Atuona,PF,-9.8,-139.03,78.35,73,18,17.69,few clouds,0.0,0.0
74,Cherskiy,RU,68.75,161.3,-22.72,84,100,5.1,overcast clouds,0.0,0.0
75,Nome,US,64.5,-165.41,5.0,92,1,6.78,clear sky,0.0,0.0
76,Sawtell,AU,-30.38,153.1,80.6,74,40,16.11,scattered clouds,0.0,0.0
77,Barmer,IN,25.75,71.38,52.75,47,0,9.46,clear sky,0.0,0.0
78,Bethel,US,41.37,-73.41,34.0,80,41,3.0,scattered clouds,0.0,0.0
79,Khatanga,RU,71.97,102.5,-24.25,81,75,7.56,broken clouds,0.0,0.0
80,Nizhnevartovsk,RU,60.93,76.55,-34.6,73,0,2.24,clear sky,0.0,0.0
81,Deming,US,32.27,-107.76,48.2,23,1,14.99,clear sky,0.0,0.0
82,Bemidji,US,47.47,-94.88,26.6,86,1,6.93,clear sky,0.0,0.0
83,Omboue,GA,-1.57,9.26,76.51,85,94,4.07,light rain,0.14,0.0
84,Ribeira Grande,PT,38.52,-28.7,62.31,82,100,34.67,overcast clouds,0.0,0.0
85,Tautira,PF,-17.73,-149.15,84.2,54,40,4.7,light rain,0.15,0.0
86,Topeka,US,39.05,-95.68,28.99,79,1,3.36,clear sky,0.0,0.0
87,Narsaq,GL,60.92,-46.05,30.2,80,95,1.12,light shower snow,0.0,0.37
88,Calbuco,CL,-41.77,-73.13,60.8,82,75,4.7,broken clouds,0.0,0.0
89,Tramore,IE,52.16,-7.15,32.0,89,0,7.0,clear sky,0.0,0.0
90,Praia,CV,14.92,-23.51,71.6,83,20,10.29,few clouds,0.0,0.0
91,Monclova,MX,26.9,-101.42,51.01,50,0,4.29,clear sky,0.0,0.0
92,Khandyga,RU,62.67,135.6,-47.58,76,53,1.36,broken clouds,0.0,0.0
93,Tasiilaq,GL,65.61,-37.64,30.2,86,100,32.21,snow,0.0,1.91
94,Zeya,RU,53.75,127.27,-17.18,76,41,1.79,scattered clouds,0.0,0.0
95,Yellowknife,CA,62.46,-114.35,-20.2,75,90,11.41,overcast clouds,0.0,0.0
96,Trairi,BR,-3.28,-39.27,80.47,78,46,11.63,scattered clouds,0.0,0.0
97,Severo-Kurilsk,RU,50.68,156.12,25.68,91,100,32.41,overcast clouds,0.0,0.0
98,Cabo San Lucas,MX,22.89,-109.91,64.4,59,40,4.7,scattered clouds,0.0,0.0
99,Nyaunglebin,MM,17.95,96.73,70.81,78,49,5.61,scattered clouds,0.0,0.0
100,Siddharthanagar,NP,27.5,83.45,55.44,69,100,1.48,overcast clouds,0.0,0.0
101,Aluksne,LV,57.42,27.05,23.9,99,54,5.44,broken clouds,0.0,0.0
102,Itarema,BR,-2.92,-39.92,79.88,81,1,15.1,clear sky,0.0,0.0
103,Geraldton,AU,-28.77,114.6,93.2,24,0,17.22,clear sky,0.0,0.0
104,Sao Jose Do Belmonte,BR,-7.86,-38.76,79.99,54,85,8.95,overcast clouds,0.0,0.0
105,Samarai,PG,-10.62,150.67,85.98,72,83,13.4,broken clouds,0.0,0.0
106,Sesheke,ZM,-17.48,24.3,67.57,94,100,6.35,light rain,0.12,0.0
107,Solnechnyy,RU,50.72,136.63,-10.88,80,1,2.64,clear sky,0.0,0.0
108,Hobyo,SO,5.35,48.53,75.63,74,76,17.29,broken clouds,0.0,0.0
109,Jining,CN,35.41,116.58,35.01,80,100,2.46,overcast clouds,0.0,0.0
110,Amga,RU,60.9,131.96,-29.65,83,100,1.41,overcast clouds,0.0,0.0
111,Rundu,NA,-17.93,19.77,67.21,88,100,2.08,overcast clouds,0.0,0.0
112,Hobart,AU,-42.88,147.33,73.0,63,75,10.29,moderate rain,3.06,0.0
113,Terme,TR,41.21,36.97,35.6,93,0,2.24,mist,0.0,0.0
114,Soloneshnoye,RU,51.65,84.32,-17.63,82,3,2.39,clear sky,0.0,0.0
115,Bambous Virieux,MU,-20.34,57.76,75.2,78,75,14.99,shower rain,0.15,0.0
116,Nikolskoye,RU,59.7,30.79,32.0,97,90,4.47,light shower snow,0.0,0.0
117,Adrar,MR,20.5,-10.07,58.53,34,0,8.28,clear sky,0.0,0.0
118,Flinders,AU,-34.58,150.86,75.99,86,94,4.0,moderate rain,1.54,0.0
119,Avarua,CK,-21.21,-159.78,84.2,74,37,17.22,scattered clouds,0.0,0.0
120,Primorsko,BG,42.27,27.77,48.2,100,75,6.93,broken clouds,0.0,0.0
121,Baena,ES,37.62,-4.32,33.01,84,0,1.74,clear sky,0.0,0.0
122,Saint-Philippe,RE,-21.36,55.77,75.2,73,20,18.34,few clouds,0.0,0.0
123,Tuatapere,NZ,-46.13,167.68,53.01,97,100,5.99,light rain,0.56,0.0
124,Kruisfontein,ZA,-34.0,24.73,59.0,93,0,1.01,clear sky,0.0,0.0
125,Mahebourg,MU,-20.41,57.7,75.2,78,75,14.99,shower rain,0.14,0.0
126,Kibala,TD,9.11,18.35,68.0,77,0,3.56,clear sky,0.0,0.0
127,Sinnamary,GF,5.38,-52.95,77.2,89,100,12.24,overcast clouds,0.0,0.0
128,Kundla,IN,21.33,71.3,56.68,35,21,8.66,few clouds,0.0,0.0
129,Lebu,CL,-37.62,-73.65,58.15,93,5,14.0,clear sky,0.0,0.0
130,Fairbanks,US,64.84,-147.72,-6.0,76,40,2.55,scattered clouds,0.0,0.0
131,Lagoa,PT,39.05,-27.98,60.93,84,100,35.23,light rain,0.63,0.0
132,Luwuk,ID,-0.95,122.79,87.69,59,90,1.32,overcast clouds,0.0,0.0
133,New Norfolk,AU,-42.78,147.06,73.0,46,92,1.99,heavy intensity rain,5.99,0.0
134,Yumen,CN,40.28,97.2,12.24,83,100,8.79,overcast clouds,0.0,0.0
135,Saint George,US,37.1,-113.58,42.8,38,1,3.36,clear sky,0.0,0.0
136,Jalu,LY,29.03,21.55,53.26,57,0,11.52,clear sky,0.0,0.0
137,Esperance,AU,-33.87,121.9,64.4,52,90,11.41,overcast clouds,0.0,0.0
138,Roma,US,43.21,-75.46,30.99,80,90,3.36,overcast clouds,0.0,0.0
139,Kuryk,KZ,43.2,51.65,33.57,81,100,8.28,overcast clouds,0.0,0.0
140,Knysna,ZA,-34.04,23.05,65.68,80,0,1.86,clear sky,0.0,0.0
141,Flin Flon,CA,54.77,-101.86,11.55,96,88,4.45,overcast clouds,0.0,0.0
142,Muscat,OM,23.61,58.59,57.2,58,0,4.7,clear sky,0.0,0.0
143,Konice,CZ,49.59,16.89,39.99,99,100,7.49,light rain,0.49,0.0
144,Kaitangata,NZ,-46.28,169.85,59.99,93,100,7.56,overcast clouds,0.0,0.0
145,Sao Raimundo Nonato,BR,-9.02,-42.7,76.53,63,5,1.48,clear sky,0.0,0.0
146,Paamiut,GL,61.99,-49.67,28.49,98,100,12.68,snow,0.0,0.51
147,Opuwo,NA,-18.06,13.84,65.35,66,98,3.42,overcast clouds,0.0,0.0
148,Port Elizabeth,ZA,-33.92,25.57,60.8,93,0,5.17,clear sky,0.0,0.0
149,Morehead,US,37.27,-87.18,39.99,86,90,1.03,overcast clouds,0.0,0.0
150,Fortuna,US,40.6,-124.16,54.0,81,90,11.41,overcast clouds,0.0,0.0
151,Pisco,PE,-13.7,-76.22,68.0,88,0,17.22,clear sky,0.0,0.0
152,Athabasca,CA,54.72,-113.29,28.4,74,100,4.7,light snow,0.0,0.15
153,Ballina,AU,-28.87,153.57,82.4,74,75,14.99,broken clouds,0.0,0.0
154,Uyovu,TZ,-3.28,31.53,63.37,97,100,3.31,light rain,0.59,0.0
155,Danane,CI,7.26,-8.15,72.12,95,44,2.35,scattered clouds,0.0,0.0
156,Carnarvon,AU,-24.87,113.63,80.6,78,40,13.87,scattered clouds,0.0,0.0
157,Clyde River,CA,70.47,-68.59,-20.2,75,1,6.93,clear sky,0.0,0.0
158,Corn Island,NI,12.17,-83.04,81.07,79,5,23.15,clear sky,0.0,0.0
159,Broome,US,42.25,-75.83,33.01,86,90,8.05,overcast clouds,0.0,0.0
160,Mayor Pablo Lagerenza,PY,-19.93,-60.77,83.1,52,43,4.76,scattered clouds,0.0,0.0
161,Qaqortoq,GL,60.72,-46.03,30.2,80,85,1.12,light shower snow,0.0,0.21
162,Sambava,MG,-14.27,50.17,76.55,85,60,12.88,light rain,0.57,0.0
163,Hami,CN,42.8,93.45,12.33,87,3,9.8,clear sky,0.0,0.0
164,San Luis Rio Colorado,MX,32.46,-114.78,64.4,27,1,3.36,clear sky,0.0,0.0
165,Abu Zabad,SD,12.35,29.25,64.76,33,40,11.07,scattered clouds,0.0,0.0
166,Tskneti,GE,41.69,44.69,30.2,92,40,3.36,mist,0.0,0.0
167,Bereda,ES,43.27,-7.54,37.0,100,58,1.99,broken clouds,0.0,0.0
168,Antigonish,CA,45.62,-62.0,32.0,97,100,3.0,snow,0.0,1.33
169,Olavarria,AR,-36.89,-60.32,81.0,39,0,1.99,clear sky,0.0,0.0
170,Sergeyevka,KZ,53.88,67.42,-18.69,86,31,7.63,scattered clouds,0.0,0.0
171,Kahului,US,20.89,-156.47,82.4,54,40,20.8,scattered clouds,0.0,0.0
172,Berlevag,NO,70.86,29.09,25.79,93,13,8.95,few clouds,0.0,0.0
173,Teguldet,RU,57.31,88.17,-21.57,86,100,5.82,overcast clouds,0.0,0.0
174,Curup,ID,-3.47,102.53,77.94,73,43,1.79,scattered clouds,0.0,0.0
175,Kavieng,PG,-2.57,150.8,86.14,67,20,10.42,few clouds,0.0,0.0
176,Bria,CF,6.54,21.99,66.45,40,59,2.35,broken clouds,0.0,0.0
177,Ziguinchor,SN,12.58,-16.27,68.97,43,0,5.84,clear sky,0.0,0.0
178,Mount Gambier,AU,-37.83,140.77,69.8,73,90,16.11,overcast clouds,0.0,0.0
179,Itamaraca,BR,-7.75,-34.83,78.8,69,40,8.05,scattered clouds,0.0,0.0
180,Cam Ranh,VN,11.92,109.16,78.8,69,75,14.99,broken clouds,0.0,0.0
181,Katsuura,JP,35.13,140.3,48.0,40,100,3.0,overcast clouds,0.0,0.0
182,Kondinskoye,RU,59.65,67.41,-27.2,85,11,7.78,few clouds,0.0,0.0
183,Port Hawkesbury,CA,45.62,-61.35,32.0,96,90,21.92,snow,0.0,1.54
184,Ulaanbaatar,MN,47.91,106.88,-32.8,59,90,2.24,smoke,0.0,0.0
185,Sitio Novo Do Tocantins,BR,-5.52,-47.46,75.29,89,57,3.56,moderate rain,2.734,0.0
186,Bonthe,SL,7.53,-12.51,79.09,84,0,6.26,clear sky,0.0,0.0
187,Tessalit,ML,20.2,1.01,59.7,30,0,3.31,clear sky,0.0,0.0
188,Masunga,BW,-20.62,27.45,63.86,83,90,17.29,overcast clouds,0.0,0.0
189,Uporovo,RU,56.31,66.27,-21.68,85,78,10.27,broken clouds,0.0,0.0
190,Hamilton,US,39.18,-84.53,39.2,80,90,5.82,overcast clouds,0.0,0.0
191,Bosaso,SO,11.28,49.18,71.92,77,53,2.44,broken clouds,0.0,0.0
192,Sokolka,PL,53.41,23.5,37.0,94,100,4.88,overcast clouds,0.0,0.0
193,Aripuana,BR,-9.17,-60.63,72.59,90,20,0.89,few clouds,0.0,0.0
194,Petropavlovsk-Kamchatskiy,RU,53.05,158.65,15.8,47,97,11.18,overcast clouds,0.0,0.0
195,Laguna,US,38.42,-121.42,51.01,87,75,4.7,mist,0.0,0.0
196,Watertown,US,42.37,-71.18,37.0,69,20,13.87,few clouds,0.0,0.0
197,Ulaangom,MN,49.98,92.07,-24.81,84,46,0.49,scattered clouds,0.0,0.0
198,Novo Cruzeiro,BR,-17.47,-41.88,63.97,99,99,2.55,overcast clouds,0.0,0.0
199,Arlit,NE,18.74,7.39,72.23,21,0,5.01,clear sky,0.0,0.0
200,Bubaque,GW,11.28,-15.83,79.72,62,0,7.72,clear sky,0.0,0.0
201,Tarrafal,CV,15.28,-23.77,71.6,83,20,10.29,few clouds,0.0,0.0
202,Zhezkazgan,KZ,47.8,67.71,-7.73,88,2,9.75,clear sky,0.0,0.0
203,Dingle,PH,11.0,122.67,81.57,84,100,13.82,light rain,0.97,0.0
204,Grand Gaube,MU,-20.01,57.66,72.0,79,0,1.99,clear sky,0.0,0.0
205,Vila Franca Do Campo,PT,37.72,-25.43,59.0,87,75,28.86,light rain,0.24,0.0
206,Ponta Do Sol,PT,32.67,-17.1,59.0,62,75,6.93,broken clouds,0.0,0.0
207,Biak,ID,-0.91,122.88,84.81,64,93,0.85,overcast clouds,0.0,0.0
208,Bethlehem,BR,-1.46,-48.5,75.2,88,0,6.93,clear sky,0.0,0.0
209,Tura,IN,25.52,90.22,60.87,70,100,3.06,overcast clouds,0.0,0.0
210,Rovaniemi,FI,66.5,25.72,15.8,92,90,6.93,overcast clouds,0.0,0.0
211,Serednye Vodyane,UA,47.98,23.91,39.2,60,45,6.93,scattered clouds,0.0,0.0
212,Nouadhibou,MR,20.93,-17.03,62.6,77,39,11.41,scattered clouds,0.0,0.0
213,Provideniya,RU,64.38,-173.3,-0.94,83,100,22.24,overcast clouds,0.0,0.0
214,Batemans Bay,AU,-35.72,150.18,70.0,100,90,1.99,light rain,0.13,0.0
215,Marawi,PH,8.0,124.29,79.93,66,82,3.18,light rain,0.29,0.0
216,Ola,RU,59.58,151.28,-4.25,89,100,15.12,light snow,0.0,0.15
217,Sioux Lookout,CA,50.1,-91.92,24.8,92,90,9.17,mist,0.0,0.0
218,Road Town,VG,18.42,-64.62,77.0,65,40,12.75,scattered clouds,0.0,0.0
219,Dunedin,NZ,-45.87,170.5,60.48,87,98,4.21,light rain,0.273,0.0
220,Bashtanka,UA,47.41,32.44,35.46,86,0,7.83,clear sky,0.0,0.0
221,Sfantu Gheorghe,RO,45.87,25.78,37.99,88,65,3.89,broken clouds,0.0,0.0
222,Barrow,US,71.29,-156.79,-7.6,69,90,8.05,overcast clouds,0.0,0.0
223,Varhaug,NO,58.61,5.65,35.6,64,0,11.41,clear sky,0.0,0.0
224,Radeberg,DE,51.12,13.92,35.01,97,90,11.41,snow,0.0,1.62
225,Hasaki,JP,35.73,140.83,43.0,41,40,5.82,scattered clouds,0.0,0.0
226,Pangnirtung,CA,66.15,-65.71,-18.89,81,99,2.44,overcast clouds,0.0,0.0
227,Faanui,PF,-16.48,-151.75,80.26,77,13,16.67,few clouds,0.0,0.0
228,Avera,US,33.19,-82.53,60.8,98,90,3.36,heavy intensity rain,1.69,0.0
229,Sitka,US,57.05,-135.33,41.0,90,75,3.36,broken clouds,0.0,0.0
230,College,US,64.86,-147.8,-6.0,76,40,2.86,scattered clouds,0.0,0.0
231,Bredasdorp,ZA,-34.53,20.04,57.2,87,100,1.12,overcast clouds,0.0,0.0
232,Chumikan,RU,54.72,135.31,-19.25,77,100,21.85,overcast clouds,0.0,0.0
233,Souillac,MU,-20.52,57.52,75.2,78,75,14.99,shower rain,0.0,0.0
234,Marsabit,KE,2.33,37.99,64.89,85,83,8.41,broken clouds,0.0,0.0
235,Roros,NO,62.57,11.38,6.8,84,0,2.24,light snow,0.0,0.0
236,Tromso,NO,69.65,18.96,33.8,95,75,8.05,light shower snow,0.0,0.17
237,Lubumbashi,CD,-11.66,27.48,62.46,98,100,2.77,light rain,0.24,0.0
238,Ahipara,NZ,-35.17,173.17,70.9,68,78,2.91,broken clouds,0.0,0.0
239,Rio Grande,BR,-32.03,-52.1,66.99,72,0,13.49,clear sky,0.0,0.0
240,Orbetello,IT,42.44,11.22,48.2,76,40,8.05,scattered clouds,0.0,0.0
241,Summerville,US,33.02,-80.18,68.0,100,90,4.7,overcast clouds,0.0,0.0
242,Palmas Bellas,PA,9.23,-80.09,79.0,90,8,5.01,clear sky,0.0,0.0
243,Malakal,SS,9.53,31.66,72.1,37,96,4.72,overcast clouds,0.0,0.0
244,Mirzapur,IN,25.15,82.58,53.6,81,40,3.36,fog,0.0,0.0
245,Arraial Do Cabo,BR,-22.97,-42.03,72.01,90,100,6.22,moderate rain,2.05,0.0
246,Codrington,AU,-38.27,141.97,65.23,82,87,18.92,overcast clouds,0.0,0.0
247,Qaanaaq,GL,77.48,-69.36,-3.35,76,12,2.77,few clouds,0.0,0.0
248,Itaueira,BR,-7.6,-43.03,76.98,70,90,1.88,overcast clouds,0.0,0.0
249,Alice Springs,AU,-23.7,133.88,91.4,19,75,13.87,broken clouds,0.0,0.0
250,Shingu,JP,33.73,135.98,46.4,49,75,19.46,broken clouds,0.0,0.0
251,Pumiao,CN,22.75,108.48,50.0,71,0,4.47,clear sky,0.0,0.0
252,Valdivia,CL,-39.81,-73.25,59.0,82,0,4.7,clear sky,0.0,0.0
253,Lompoc,US,34.64,-120.46,53.6,93,1,9.17,clear sky,0.0,0.0
254,Boa Vista,BR,2.82,-60.67,78.8,88,40,3.36,heavy intensity rain,7.78,0.0
255,Imbituba,BR,-28.24,-48.67,69.8,83,20,5.26,few clouds,0.0,0.0
256,Bentiu,SS,9.23,29.83,71.24,31,100,4.27,overcast clouds,0.0,0.0
257,Kalmunai,LK,7.42,81.82,79.54,85,100,7.76,moderate rain,1.4144,0.0
258,Akdepe,TM,42.06,59.38,15.8,72,0,9.17,clear sky,0.0,0.0
259,Lata,PT,40.16,-8.33,45.0,100,0,2.24,mist,0.0,0.0
260,Rawson,AR,-43.3,-65.1,76.12,32,12,16.82,few clouds,0.0,0.0
261,Longyearbyen,SJ,78.22,15.64,33.8,80,75,12.75,light snow,0.0,0.0
262,Storforshei,NO,66.4,14.52,20.82,88,0,1.07,clear sky,0.0,0.0
263,Thompson,CA,55.74,-97.86,10.4,85,90,5.82,light snow,0.0,0.38
264,Zhigansk,RU,66.77,123.37,-29.52,84,100,9.53,overcast clouds,0.0,0.0
265,Ancud,CL,-41.87,-73.82,64.0,77,75,6.93,broken clouds,0.0,0.0
266,Chara,RU,56.91,118.26,-24.29,72,44,1.43,scattered clouds,0.0,0.0
267,Marsa Matruh,EG,31.35,27.25,55.4,82,0,5.95,clear sky,0.0,0.0
268,Namikupa,TZ,-10.83,39.6,69.49,95,76,2.21,broken clouds,0.0,0.0
269,Pierre,US,44.37,-100.35,26.6,79,1,6.69,clear sky,0.0,0.0
270,Doka,SD,13.52,35.77,70.16,49,3,11.7,clear sky,0.0,0.0
271,Norman Wells,CA,65.28,-126.83,-14.8,75,90,9.17,light snow,0.0,0.0
272,Pochutla,MX,15.74,-96.47,82.4,65,5,4.29,clear sky,0.0,0.0
273,Homestead,US,25.47,-80.48,70.0,77,1,4.7,clear sky,0.0,0.0
274,Itoigawa,JP,37.03,137.85,33.01,86,100,7.61,light snow,0.0,0.46
275,Port Lincoln,AU,-34.73,135.87,66.96,66,100,13.31,overcast clouds,0.0,0.0
276,Pitimbu,BR,-7.47,-34.81,78.8,88,20,8.05,few clouds,0.0,0.0
277,Muros,ES,42.78,-9.06,37.0,96,14,4.16,few clouds,0.0,0.0
278,Nanortalik,GL,60.14,-45.24,28.11,96,55,2.21,broken clouds,0.0,0.0
279,Vao,NC,-22.67,167.48,79.48,80,100,4.12,overcast clouds,0.0,0.0
280,Comodoro Rivadavia,AR,-45.87,-67.5,78.8,36,0,28.86,clear sky,0.0,0.0
281,Jinchang,CN,38.5,102.17,17.98,74,0,6.44,clear sky,0.0,0.0
282,Adamas,GR,36.73,24.43,60.8,82,100,6.93,overcast clouds,0.0,0.0
283,Mecca,SA,21.43,39.83,73.27,74,50,3.04,scattered clouds,0.0,0.0
284,Cockburn Town,TC,21.46,-71.14,77.0,69,40,14.99,scattered clouds,0.0,0.0
285,Namatanai,PG,-3.67,152.43,86.36,66,100,6.08,overcast clouds,0.0,0.0
286,Asau,RO,46.43,26.4,32.0,68,32,3.22,scattered clouds,0.0,0.0
287,Lotofaga,WS,-13.98,-171.86,75.2,100,90,5.82,moderate rain,2.32,0.0
288,Mahajanga,MG,-15.72,46.32,77.0,78,20,5.82,few clouds,0.0,0.0
289,Touros,BR,-5.2,-35.46,78.8,83,40,5.82,scattered clouds,0.0,0.0
290,Kabalo,CD,-6.05,26.92,67.48,97,100,1.9,light rain,0.96,0.0
291,Danville,US,36.59,-79.39,48.99,100,1,3.36,mist,0.0,0.0
292,Chuy,UY,-33.7,-53.46,62.65,80,0,8.41,clear sky,0.0,0.0
293,Kamenka,RU,51.32,42.77,27.0,98,57,7.56,broken clouds,0.0,0.0
294,Dikson,RU,73.51,80.55,9.82,96,100,10.18,overcast clouds,0.0,0.0
295,Egvekinot,RU,66.32,-179.17,-12.64,85,57,21.3,broken clouds,0.0,0.0
296,Tigil,RU,57.8,158.67,10.33,95,100,4.34,overcast clouds,0.0,0.0
297,Geilo,NO,60.53,8.21,13.28,88,0,3.96,clear sky,0.0,0.0
298,Vung Tau,VN,10.35,107.08,76.78,79,83,6.42,broken clouds,0.0,0.0
299,Nabire,ID,-3.37,135.48,84.0,68,100,0.69,overcast clouds,0.0,0.0
300,Klaksvik,FO,62.23,-6.59,35.6,100,100,5.82,overcast clouds,0.0,0.0
301,Thunder Bay,CA,48.4,-89.32,21.99,100,90,3.36,mist,0.0,0.0
302,Itoman,JP,26.12,127.67,66.2,63,75,9.17,broken clouds,0.0,0.0
303,Bambanglipuro,ID,-7.95,110.28,83.55,66,100,4.21,overcast clouds,0.0,0.0
304,Tomatlan,MX,19.93,-105.25,61.74,69,23,1.81,few clouds,0.0,0.0
305,Ilulissat,GL,69.22,-51.1,15.8,66,100,1.12,overcast clouds,0.0,0.0
306,Hofn,IS,64.25,-15.21,42.66,90,100,0.94,overcast clouds,0.0,0.0
307,Victoria,HK,22.29,114.16,64.0,48,3,1.01,clear sky,0.0,0.0
308,Colquechaca,BO,-18.67,-66.02,39.22,100,93,3.58,overcast clouds,0.0,0.0
309,Honiara,SB,-9.43,159.95,89.6,52,75,3.36,broken clouds,0.0,0.0
310,Pishin,PK,30.58,67.0,31.78,78,0,1.32,clear sky,0.0,0.0
311,Saryg-Sep,RU,51.5,95.6,-23.39,84,100,0.51,overcast clouds,0.0,0.0
312,Gravdal,NO,68.12,13.5,40.17,71,99,7.0,light rain,0.2016,0.0
313,Kulhudhuffushi,MV,6.62,73.07,81.21,72,66,5.39,broken clouds,0.0,0.0
314,Sarai,RU,53.75,41.02,27.16,97,20,9.4,few clouds,0.0,0.0
315,Vermillion,US,42.78,-96.93,25.0,85,1,4.7,clear sky,0.0,0.0
316,Kokstad,ZA,-30.55,29.42,57.88,74,80,3.36,broken clouds,0.0,0.0
317,Erzin,TR,36.96,36.2,48.2,100,40,5.82,scattered clouds,0.0,0.0
318,Marrakesh,MA,31.63,-8.01,50.0,66,75,6.93,broken clouds,0.0,0.0
319,Mogadouro,PT,41.34,-6.71,27.0,92,0,2.08,clear sky,0.0,0.0
320,Korla,CN,41.76,86.15,14.76,87,12,10.87,few clouds,0.0,0.0
321,Namibe,AO,-15.2,12.15,71.28,76,100,3.62,overcast clouds,0.0,0.0
322,Sistranda,NO,63.73,8.83,28.4,86,0,10.29,clear sky,0.0,0.0
323,Gazanjyk,TM,39.24,55.52,31.95,90,0,5.84,clear sky,0.0,0.0
324,Rio Gallegos,AR,-51.62,-69.22,60.8,36,75,16.11,light intensity shower rain,0.0,0.0
325,Kishi,NG,9.08,3.85,74.55,84,0,8.14,clear sky,0.0,0.0
326,Kanniyakumari,IN,8.08,77.57,77.47,82,28,20.24,scattered clouds,0.0,0.0
327,Hlukhiv,UA,51.68,33.92,31.66,97,73,7.34,broken clouds,0.0,0.0
328,Kalach-Na-Donu,RU,48.69,43.53,33.8,100,75,11.18,broken clouds,0.0,0.0
329,Belomorsk,RU,64.52,34.77,27.91,99,100,4.68,overcast clouds,0.0,0.0
330,Sao Felix Do Xingu,BR,-6.64,-51.99,69.93,93,11,1.74,light rain,0.13,0.0
331,Ambulu,ID,-8.35,113.61,84.6,68,25,1.83,scattered clouds,0.0,0.0
332,Dakar,SN,14.69,-17.44,68.0,94,0,9.17,clear sky,0.0,0.0
333,Talaya,RU,61.38,152.75,-21.26,83,100,9.01,overcast clouds,0.0,0.0
334,Semnan,IR,35.57,53.4,35.26,68,0,1.1,clear sky,0.0,0.0
335,Anadyr,RU,64.75,177.48,8.6,65,40,26.84,scattered clouds,0.0,0.0
336,Los Llanos De Aridane,ES,28.66,-17.92,62.6,72,40,6.93,scattered clouds,0.0,0.0
337,Bairiki,KI,1.33,172.98,86.0,74,40,9.17,scattered clouds,0.0,0.0
338,Westport,US,41.14,-73.36,39.2,64,1,3.36,clear sky,0.0,0.0
339,Las Cruces,US,32.31,-106.78,46.99,27,49,12.06,scattered clouds,0.0,0.0
340,Port Hedland,AU,-20.32,118.57,93.2,71,11,12.75,few clouds,0.0,0.0
341,Praia Da Vitoria,PT,38.73,-27.07,60.01,82,75,29.3,moderate rain,2.46,0.0
342,Mpongwe,ZM,-13.51,28.16,62.26,98,94,3.2,light rain,0.61,0.0
343,Cap Malheureux,MU,-19.98,57.61,72.0,79,0,1.99,clear sky,0.0,0.0
344,Cidreira,BR,-30.18,-50.21,69.49,80,4,5.61,clear sky,0.0,0.0
345,Belaya Gora,RU,68.53,146.42,-32.6,83,78,2.89,broken clouds,0.0,0.0
346,Talbahat,IN,25.05,78.43,62.38,47,97,3.87,overcast clouds,0.0,0.0
347,Oranjestad,AW,12.52,-70.03,80.6,65,20,19.46,few clouds,0.0,0.0
348,Silopi,TR,37.25,42.47,47.61,51,83,3.15,broken clouds,0.0,0.0
349,Joshimath,IN,30.57,79.57,44.11,52,100,2.37,moderate rain,1.0378,0.0
350,Havre-Saint-Pierre,CA,50.23,-63.6,14.0,78,75,8.05,broken clouds,0.0,0.1
351,Okhotsk,RU,59.38,143.3,-17.99,77,85,19.3,overcast clouds,0.0,0.0
352,Jutai,BR,-5.18,-68.9,75.0,89,100,1.86,overcast clouds,0.0,0.0
353,Iqaluit,CA,63.75,-68.51,-13.0,75,20,2.21,few clouds,0.0,0.0
354,Coquimbo,CL,-29.95,-71.34,60.8,77,20,8.05,few clouds,0.0,0.0
355,Tabou,CI,4.42,-7.35,78.49,86,44,8.1,scattered clouds,0.0,0.0
356,Camacha,PT,33.08,-16.33,57.2,62,40,8.05,scattered clouds,0.0,0.0
357,Cochabamba,BO,-17.39,-66.16,68.0,52,40,5.82,light rain,0.13,0.0
358,Deep River,CA,46.1,-77.5,28.4,79,90,1.77,overcast clouds,0.0,0.0
359,Magadan,RU,59.57,150.8,-2.09,88,100,11.12,overcast clouds,0.0,0.0
360,San Policarpo,PH,12.18,125.51,82.74,83,57,14.67,light rain,0.41,0.0
361,Banda Aceh,ID,5.56,95.32,78.37,81,100,12.44,light rain,0.9802,0.0
362,Taiyuan,CN,37.87,112.56,24.8,45,0,2.24,clear sky,0.0,0.0
363,Denia,ES,38.84,0.11,44.01,46,100,8.01,overcast clouds,0.0,0.0
364,Concarneau,FR,47.88,-3.92,37.4,100,75,5.82,broken clouds,0.0,0.0
365,Merauke,ID,-8.47,140.33,88.32,63,99,9.04,overcast clouds,0.0,0.0
366,Asyut,EG,27.18,31.18,46.4,81,0,6.71,clear sky,0.0,0.0
367,Turukhansk,RU,65.82,87.98,-17.05,88,100,9.24,light snow,0.0,0.16
368,Aksay,RU,47.26,39.87,37.4,100,75,2.24,broken clouds,0.0,0.0
369,Copiapo,CL,-27.37,-70.33,62.6,82,0,11.41,clear sky,0.0,0.0
370,Saint Anthony,US,45.02,-93.22,23.0,79,1,4.7,haze,0.0,0.0
371,Kati,ML,12.74,-8.07,68.0,60,0,1.12,clear sky,0.0,0.0
372,Vegueta,PE,-11.02,-77.64,68.94,83,100,6.38,overcast clouds,0.0,0.0
373,Bukachacha,RU,52.98,116.92,-15.43,79,0,1.77,clear sky,0.0,0.0
374,Saldanha,ZA,-33.01,17.94,64.4,63,0,4.7,clear sky,0.0,0.0
375,Nemuro,JP,43.32,145.57,19.4,52,40,6.93,scattered clouds,0.0,0.0
376,Muyezerskiy,RU,63.93,31.65,33.42,98,100,4.47,overcast clouds,0.0,0.0
377,Kailua,US,21.4,-157.74,82.4,69,75,13.87,light rain,0.14,0.0
378,Vila Velha,BR,-20.33,-40.29,78.8,78,40,9.17,scattered clouds,0.0,0.0
379,Zlocieniec,PL,53.53,16.01,30.0,95,44,7.56,scattered clouds,0.0,0.0
380,Sobolevo,RU,54.43,31.9,31.23,99,98,6.53,overcast clouds,0.0,0.0
381,Adre,TD,13.47,22.2,65.19,24,84,9.8,broken clouds,0.0,0.0
382,Mandalgovi,MN,45.76,106.27,-12.44,86,37,9.71,light snow,0.0,0.1608
383,Itacare,BR,-14.28,-39.0,82.4,78,40,8.05,scattered clouds,0.0,0.0
384,Tateyama,JP,34.98,139.87,48.2,61,75,11.41,broken clouds,0.0,0.0
385,Pozo Colorado,PY,-23.49,-58.8,79.48,50,0,2.91,clear sky,0.0,0.0
386,Snyder,US,32.72,-100.92,35.6,69,1,10.29,clear sky,0.0,0.0
387,Kuah,MY,6.33,99.84,80.6,83,20,5.82,light rain,0.15,0.0
388,Alofi,NU,-19.06,-169.92,78.8,83,98,3.36,moderate rain,1.15,0.0
389,Fairlie,GB,55.76,-4.86,26.6,86,18,4.7,few clouds,0.0,0.0
390,Lufkin,US,31.34,-94.73,42.8,87,1,1.59,clear sky,0.0,0.0
391,Portland,US,45.52,-122.68,51.01,91,100,3.0,moderate rain,2.05,0.0
392,Gushikawa,JP,26.35,127.87,66.2,77,90,13.87,overcast clouds,0.0,0.0
393,Wuwei,CN,37.93,102.64,16.68,76,0,2.77,clear sky,0.0,0.0
394,Mitchell,US,43.71,-98.03,24.8,79,1,13.87,clear sky,0.0,0.0
395,Vestmannaeyjar,IS,63.44,-20.27,46.4,93,100,16.96,overcast clouds,0.0,0.0
396,Husavik,IS,66.04,-17.34,46.4,70,90,21.92,overcast clouds,0.0,0.0
397,Ayan,RU,56.45,138.17,-19.71,75,91,13.98,overcast clouds,0.0,0.0
398,Diu,IN,20.71,70.98,62.56,31,48,5.26,scattered clouds,0.0,0.0
399,Robertsport,LR,6.75,-11.37,80.19,83,0,8.63,clear sky,0.0,0.0
400,Trujillo,PE,-8.12,-79.03,66.2,88,40,10.29,light rain,0.47,0.0
401,Denpasar,ID,-8.65,115.22,80.6,88,75,6.93,broken clouds,0.0,0.0
402,Naze,JP,28.37,129.48,64.4,59,75,8.05,broken clouds,0.0,0.0
403,Takoradi,GH,4.88,-1.76,78.69,87,0,9.04,clear sky,0.0,0.0
404,Polson,US,47.69,-114.16,41.0,61,96,3.0,overcast clouds,0.0,0.0
405,Olafsvik,IS,64.89,-23.71,44.01,93,100,24.34,overcast clouds,0.0,0.0
406,Yangjiang,CN,21.85,111.97,63.0,35,0,11.45,clear sky,0.0,0.0
407,Uppsala,SE,60.0,17.75,33.01,98,100,4.7,overcast clouds,0.0,0.0
408,Nalut,LY,30.33,10.85,44.22,55,2,6.11,clear sky,0.0,0.0
409,Paracuru,BR,-3.41,-39.03,81.0,78,32,18.01,scattered clouds,0.0,0.0
410,Srednekolymsk,RU,67.45,153.68,-20.52,87,100,8.57,overcast clouds,0.0,0.0
411,Jasper,US,37.2,-94.35,30.2,92,75,3.65,mist,0.0,0.0
412,Cozumel,MX,20.51,-86.95,78.8,83,75,4.7,broken clouds,0.0,0.0
413,Nantucket,US,41.28,-70.1,42.8,74,20,21.92,few clouds,0.0,0.0
414,Caravelas,BR,-17.71,-39.25,75.69,84,89,7.7,overcast clouds,0.0,0.0
415,Shache,CN,38.42,77.24,16.05,78,0,4.0,clear sky,0.0,0.0
416,Tommot,RU,58.96,126.29,-18.0,83,100,7.47,overcast clouds,0.0,0.0
417,Tumaco,CO,1.8,-78.82,75.51,91,100,11.63,light rain,0.13,0.0
418,Dixon,US,38.45,-121.82,48.99,100,1,1.5,clear sky,0.0,0.0
419,Bithur,IN,26.63,80.28,57.2,87,40,5.1,mist,0.0,0.0
420,Ilovlya,RU,49.3,43.98,33.8,100,75,11.18,broken clouds,0.0,0.0
421,Sokode,TG,8.98,1.13,73.51,48,0,2.75,clear sky,0.0,0.0
422,Seara,PT,41.18,-7.8,36.0,9,0,1.5,clear sky,0.0,0.0
423,Aklavik,CA,68.22,-135.01,-7.6,83,100,9.17,overcast clouds,0.0,0.0
424,Caucaia,BR,-3.74,-38.65,81.0,83,75,9.17,broken clouds,0.0,0.0
425,Luderitz,NA,-26.65,15.16,62.6,82,100,9.17,overcast clouds,0.0,0.0
426,Alawalpur,IN,31.43,75.65,52.14,55,0,2.53,clear sky,0.0,0.0
427,Bay Roberts,CA,47.6,-53.26,30.0,76,100,1.99,overcast clouds,0.0,0.0
428,Fare,PF,-16.7,-151.02,81.25,75,1,16.64,clear sky,0.0,0.0
429,Lukulu,ZM,-14.37,23.24,66.15,96,100,6.15,light rain,0.68,0.0
430,Mosjoen,NO,65.84,13.19,30.2,86,0,9.17,clear sky,0.0,0.0
431,Okha,RU,53.57,142.95,-14.94,85,96,17.0,overcast clouds,0.0,0.0
432,Porto Velho,BR,-8.76,-63.9,77.0,94,40,2.24,light rain,0.15,0.0
433,Udachnyy,RU,66.42,112.4,-22.0,74,90,4.47,light snow,0.0,0.0
434,Salalah,OM,17.02,54.09,69.8,68,0,3.36,clear sky,0.0,0.0
435,Mahuva,IN,21.09,71.76,62.08,33,26,10.09,scattered clouds,0.0,0.0
436,Hollins,US,37.34,-79.94,46.0,87,100,1.34,overcast clouds,0.0,0.0
437,Haines Junction,CA,60.75,-137.51,-3.15,87,92,1.28,overcast clouds,0.0,0.0
438,Te Anau,NZ,-45.42,167.72,54.1,88,100,1.7,overcast clouds,0.0,0.0
439,Vila,PT,42.03,-8.16,33.01,94,18,2.95,few clouds,0.0,0.0
440,Bojnurd,IR,37.47,57.33,15.8,85,0,1.5,clear sky,0.0,0.0
441,Sulina,RO,45.16,29.65,48.52,87,0,13.09,clear sky,0.0,0.0
442,Arona,ES,28.1,-16.68,62.6,67,40,8.05,scattered clouds,0.0,0.0
443,Lar,IN,26.2,83.97,57.6,46,100,0.74,overcast clouds,0.0,0.0
444,Tual,ID,-5.67,132.75,84.06,75,100,14.67,light rain,0.53,0.0
445,Pinos,MX,22.3,-101.57,55.4,47,5,2.1,clear sky,0.0,0.0
446,Maningrida,AU,-12.07,134.27,92.03,59,43,10.11,scattered clouds,0.0,0.0
447,Warman,CA,52.32,-106.57,30.99,80,20,12.75,few clouds,0.0,0.0
448,Narragansett,US,41.45,-71.45,39.99,76,1,13.87,clear sky,0.0,0.0
449,Fort Nelson,CA,58.81,-122.7,-4.0,83,90,2.24,light snow,0.0,0.0
450,Isangel,VU,-19.55,169.27,78.53,84,100,11.59,light rain,0.999,0.0
451,Talcahuano,CL,-36.72,-73.12,60.8,82,0,14.99,clear sky,0.0,0.0
452,Tongzi,CN,28.78,105.09,46.63,68,81,3.94,broken clouds,0.0,0.0
453,Port Talbot,GB,51.59,-3.78,37.99,89,93,5.99,overcast clouds,0.0,0.0
454,Sao Filipe,CV,14.9,-24.5,75.02,75,7,8.63,clear sky,0.0,0.0
455,Birin,NP,26.89,88.07,47.71,69,88,2.64,overcast clouds,0.0,0.0
456,Senneterre,CA,48.38,-77.23,23.0,92,90,6.93,overcast clouds,0.0,0.0
457,Karratha,AU,-20.74,116.85,98.56,31,19,11.1,few clouds,0.0,0.0
458,San Ignacio,BZ,17.16,-89.07,78.8,83,40,6.93,scattered clouds,0.0,0.0
459,Barpali,IN,21.2,83.58,61.83,55,78,2.8,broken clouds,0.0,0.0
460,Coaldale,CA,49.72,-112.62,44.6,60,75,12.75,broken clouds,0.0,0.0
461,Richards Bay,ZA,-28.78,32.04,67.44,78,100,4.52,overcast clouds,0.0,0.0
462,Kharp,RU,66.8,65.81,-26.45,84,100,5.66,overcast clouds,0.0,0.0
463,Konstantinovka,RU,49.62,127.98,-9.78,83,0,5.39,clear sky,0.0,0.0
464,Mehran,IR,33.12,46.16,37.4,64,0,4.7,clear sky,0.0,0.0
465,Maniitsoq,GL,65.42,-52.9,22.87,97,100,10.98,light snow,0.0,0.34
466,Huarmey,PE,-10.07,-78.15,68.81,84,100,6.87,overcast clouds,0.0,0.0
467,Wagar,SD,16.15,36.2,65.53,89,0,8.95,clear sky,0.0,0.0
468,Baykit,RU,61.67,96.37,-9.9,83,100,9.75,overcast clouds,0.0,0.0
469,Pokhara,NP,28.23,83.98,57.29,32,99,3.15,overcast clouds,0.0,0.0
470,Suntar,RU,62.14,117.63,-16.13,86,100,9.15,overcast clouds,0.0,0.0
471,Jerusalem,IL,31.77,35.22,55.0,75,70,5.06,broken clouds,0.0,0.0
472,Kijang,KR,35.24,129.21,32.0,76,0,9.17,clear sky,0.0,0.0
473,Cotonou,BJ,6.37,2.42,82.4,83,40,10.29,scattered clouds,0.0,0.0
474,Trimbak,IN,19.93,73.55,62.58,88,29,3.36,scattered clouds,0.0,0.0
475,Mkushi,ZM,-13.62,29.39,61.59,95,54,1.79,broken clouds,0.0,0.0
476,Akora,PK,34.0,72.13,39.2,48,5,4.7,haze,0.0,0.0
477,Dryden,CA,49.78,-92.75,24.8,92,20,12.75,few clouds,0.0,0.0
478,Ranau,MY,5.95,116.66,82.4,78,20,2.24,few clouds,0.0,0.0
479,Jackson,US,42.42,-122.83,42.8,87,90,3.85,overcast clouds,0.0,0.0
480,Greenville,US,35.61,-77.37,55.99,100,1,7.54,clear sky,0.0,0.0
481,Inirida,CO,3.87,-67.92,74.39,96,100,2.59,overcast clouds,0.0,0.0
482,Vanavara,RU,60.34,102.28,-18.9,87,100,8.52,overcast clouds,0.0,0.0
483,Ossora,RU,59.24,163.07,5.7,92,100,7.67,overcast clouds,0.0,0.0
484,Labuhan,ID,-6.88,112.21,83.05,76,100,8.1,overcast clouds,0.0,0.0
485,Viedma,AR,-40.81,-63.0,84.99,36,0,4.0,clear sky,0.0,0.0
486,Amuntai,ID,-2.42,115.25,88.43,58,11,3.38,few clouds,0.0,0.0
487,Miraflores,MX,19.22,-98.81,64.4,22,5,16.11,clear sky,0.0,0.0
488,Lavrentiya,RU,65.58,-171.0,-6.68,88,0,14.85,clear sky,0.0,0.0
489,Beloha,MG,-25.17,45.05,71.47,83,0,9.71,clear sky,0.0,0.0
490,Deputatskiy,RU,69.3,139.9,-32.12,86,22,0.29,few clouds,0.0,0.0
491,Ngunguru,NZ,-35.62,174.5,68.74,76,100,9.8,overcast clouds,0.0,0.0
492,Pedra Azul,BR,-16.01,-41.3,65.35,97,14,3.56,few clouds,0.0,0.0
493,Kungurtug,RU,50.6,97.52,-22.76,81,100,0.45,overcast clouds,0.0,0.0
494,Latung,PH,5.5,120.88,82.67,70,100,3.44,overcast clouds,0.0,0.0
495,Mugur-Aksy,RU,50.35,90.5,-21.66,76,0,4.81,clear sky,0.0,0.0
496,Berdigestyakh,RU,62.1,126.7,-25.64,85,100,3.83,overcast clouds,0.0,0.0
497,Kharan,PK,28.58,65.42,38.37,60,0,4.54,clear sky,0.0,0.0
498,Grindavik,IS,63.84,-22.43,44.6,100,90,26.4,light intensity drizzle,0.0,0.0
499,Saint-Claude,FR,46.5,5.83,35.01,97,100,1.99,overcast clouds,0.0,0.0
500,Paraopeba,BR,-19.28,-44.4,69.8,93,75,17.22,moderate rain,1.78,0.0
501,Lodja,CD,-3.48,23.43,67.78,97,81,1.66,light rain,0.82,0.0
502,Ostrovnoy,RU,68.05,39.51,19.4,95,100,10.78,overcast clouds,0.0,0.0
503,Sola,VU,-13.88,167.55,83.1,77,99,12.82,light rain,0.3,0.0
504,Coihaique,CL,-45.58,-72.07,60.8,51,0,9.17,clear sky,0.0,0.0
505,Tucuman,AR,-26.82,-65.22,84.2,66,75,6.93,broken clouds,0.0,0.0
506,Morondava,MG,-20.28,44.28,80.49,83,0,7.29,clear sky,0.0,0.0
507,Redmond,US,47.67,-122.12,48.0,93,100,3.0,moderate rain,1.15,0.0
508,Svetlogorsk,BY,52.63,29.73,32.45,97,100,6.4,overcast clouds,0.0,0.0
509,Cap-Aux-Meules,CA,47.38,-61.86,30.2,100,100,20.8,light snow,0.0,0.34
510,Khanapur,IN,15.63,74.52,60.8,93,2,6.35,mist,0.0,0.0
511,Saint-Pierre,RE,-21.34,55.48,75.2,73,0,23.04,clear sky,0.0,0.0
512,Northam,GB,51.03,-4.22,37.99,89,96,10.0,overcast clouds,0.0,0.0
513,Teguise,ES,29.06,-13.56,62.6,63,75,9.17,broken clouds,0.0,0.0
514,Mogadishu,SO,2.04,45.34,75.09,80,100,16.62,overcast clouds,0.0,0.0
515,Ambilobe,MG,-13.2,49.05,74.23,86,100,2.93,overcast clouds,0.0,0.0
516,Tairua,NZ,-37.02,175.85,68.0,86,100,8.99,light rain,0.33,0.0
517,Fuente De Oro,CO,3.46,-73.61,72.41,88,95,3.02,overcast clouds,0.0,0.0
518,Yamada,JP,39.47,141.95,31.64,79,0,2.21,clear sky,0.0,0.0
519,Angoche,MZ,-16.23,39.91,78.93,81,77,4.34,broken clouds,0.0,0.0
520,Brokopondo,SR,4.75,-55.17,75.88,89,75,8.23,broken clouds,0.0,0.0
521,Shahrud,IR,36.42,54.98,34.05,61,0,2.68,clear sky,0.0,0.0
522,Senj,HR,44.99,14.91,47.32,77,95,3.4,overcast clouds,0.0,0.0
523,Gat,IL,31.61,34.76,55.4,87,0,3.36,clear sky,0.0,0.0
524,Guerrero Negro,MX,27.98,-114.06,60.08,55,0,12.64,clear sky,0.0,0.0
525,Lasa,IT,46.62,10.7,33.01,100,90,3.38,snow,0.0,0.66
526,Kota Bahru,MY,6.13,102.24,80.6,78,20,12.75,heavy intensity rain,8.86,0.0
527,Anchorage,US,61.22,-149.9,10.99,77,90,4.7,haze,0.0,0.0
528,Trelew,AR,-43.25,-65.31,78.82,25,31,16.46,scattered clouds,0.0,0.0
529,Oyem,GA,1.6,11.58,68.29,95,99,3.78,overcast clouds,0.0,0.0
530,Dagua,CO,3.66,-76.69,73.4,73,40,13.87,light rain,0.75,0.0
531,Cananea,MX,30.95,-110.3,45.0,36,79,1.01,broken clouds,0.0,0.0
532,Mersing,MY,2.43,103.84,71.6,100,40,5.82,very heavy rain,20.4,0.0
533,Nata,PA,8.33,-80.52,77.0,88,20,5.82,few clouds,0.0,0.0
534,Hirara,JP,24.8,125.28,69.8,72,75,12.75,broken clouds,0.0,0.0
535,Lethem,GY,3.38,-59.8,78.8,73,5,13.78,moderate rain,2.2556,0.0
536,Port Hardy,CA,50.7,-127.42,42.8,81,90,8.05,light intensity shower rain,0.13,0.0
537,Vanimo,PG,-2.67,141.3,87.69,64,52,3.2,light rain,0.58,0.0
538,La Ronge,CA,55.1,-105.28,23.0,92,72,3.36,broken clouds,0.0,0.0
539,Khorramshahr,IR,30.44,48.17,50.0,87,6,4.7,clear sky,0.0,0.0
540,Bam,IR,29.11,58.36,38.61,54,0,5.53,clear sky,0.0,0.0
541,Okahandja,NA,-21.98,16.92,63.0,100,100,3.36,light rain,0.14,0.0
542,Mahon,ES,39.89,4.27,39.2,93,0,8.05,clear sky,0.0,0.0
543,Stornoway,GB,58.21,-6.39,37.0,76,29,3.0,scattered clouds,0.0,0.0
544,Aleksandrov Gay,RU,50.15,48.57,28.53,98,100,6.38,overcast clouds,0.0,0.0
545,Abu Samrah,SY,35.3,37.18,53.29,59,87,7.7,overcast clouds,0.0,0.0
546,Paraiso,CR,9.84,-83.87,71.6,68,20,12.75,few clouds,0.0,0.0
547,Kirillov,RU,59.86,38.38,27.88,99,100,4.07,snow,0.0,0.562
548,Mercedes,AR,-34.65,-59.43,78.01,45,0,1.99,clear sky,0.0,0.0
549,Alto Araguaia,BR,-17.31,-53.22,73.11,76,65,1.95,broken clouds,0.0,0.0
550,Veydelevka,RU,50.15,38.45,28.47,97,6,3.44,clear sky,0.0,0.0
551,Toora-Khem,RU,52.47,96.11,-16.73,86,100,1.32,overcast clouds,0.0,0.0
552,Uklana Mandi,IN,29.5,75.88,53.89,79,13,6.82,few clouds,0.0,0.0
553,Nara,JP,34.69,135.8,45.0,56,75,13.87,broken clouds,0.0,0.0
554,Rampura,IN,30.25,75.23,53.89,55,77,5.91,broken clouds,0.0,0.0
555,Maroantsetra,MG,-15.43,49.73,75.76,82,29,7.18,light rain,0.56,0.0
556,Nigde,TR,37.83,34.75,32.65,94,0,3.33,clear sky,0.0,0.0
557,Chicama,PE,-7.84,-79.15,66.2,88,40,10.29,scattered clouds,0.0,0.0
558,Santiago,CL,-33.46,-70.65,71.6,46,0,12.75,clear sky,0.0,0.0
559,Aksu,CN,41.12,80.26,10.87,90,0,3.47,clear sky,0.0,0.0
560,Entre Rios,BR,-11.94,-38.08,70.16,93,81,4.0,broken clouds,0.0,0.0
561,Sao Luis De Montes Belos,BR,-16.52,-50.37,68.97,93,51,3.31,broken clouds,0.0,0.0
562,Marathon,US,44.9,-89.77,24.8,85,90,3.36,fog,0.0,0.0
563,Peterhead,GB,57.51,-1.8,36.0,93,66,9.17,snow,0.0,0.82
564,Baracoa,CU,20.35,-74.5,74.68,83,48,11.86,scattered clouds,0.0,0.0
565,Serpong,ID,-6.32,106.66,86.0,70,20,9.17,few clouds,0.0,0.0
